"HITId","HITTypeId","Title","Description","Keywords","Reward","CreationTime","MaxAssignments","RequesterAnnotation","AssignmentDurationInSeconds","AutoApprovalDelayInSeconds","Expiration","NumberOfSimilarHITs","LifetimeInSeconds","AssignmentId","WorkerId","AssignmentStatus","AcceptTime","SubmitTime","AutoApprovalTime","ApprovalTime","RejectionTime","RequesterFeedback","WorkTimeInSeconds","LifetimeApprovalRate","Last30DaysApprovalRate","Last7DaysApprovalRate","Input.hitNum","Input.originalMatrix","Input.filenameTrial1","Input.levelTrial1","Input.stimSingularTrial1","Input.stimPluralTrial1","Input.targetReferentTrial1","Input.distractorReferentTrial1","Input.otherReferentTrial1","Input.targetFeatureTrial1","Input.check1NameTrial1","Input.check1CountTrial1","Input.check2NameTrial1","Input.check2CountTrial1","Input.check3NameTrial1","Input.check3CountTrial1","Input.permutedMatrix1","Input.filenameTrial2","Input.levelTrial2","Input.stimSingularTrial2","Input.stimPluralTrial2","Input.targetReferentTrial2","Input.distractorReferentTrial2","Input.otherReferentTrial2","Input.targetFeatureTrial2","Input.check1NameTrial2","Input.check1CountTrial2","Input.check2NameTrial2","Input.check2CountTrial2","Input.check3NameTrial2","Input.check3CountTrial2","Input.permutedMatrix2","Input.filenameTrial3","Input.levelTrial3","Input.stimSingularTrial3","Input.stimPluralTrial3","Input.targetReferentTrial3","Input.distractorReferentTrial3","Input.otherReferentTrial3","Input.targetFeatureTrial3","Input.check1NameTrial3","Input.check1CountTrial3","Input.check2NameTrial3","Input.check2CountTrial3","Input.check3NameTrial3","Input.check3CountTrial3","Input.permutedMatrix3","Answer.bet1Trial1","Answer.bet1Trial2","Answer.bet1Trial3","Answer.bet2Trial1","Answer.bet2Trial2","Answer.bet2Trial3","Answer.bet3Trial1","Answer.bet3Trial2","Answer.bet3Trial3","Answer.check1CountTrial1","Answer.check1CountTrial2","Answer.check1CountTrial3","Answer.check2CountTrial1","Answer.check2CountTrial2","Answer.check2CountTrial3","Answer.check3CountTrial1","Answer.check3CountTrial2","Answer.check3CountTrial3","Answer.participantExplanation","Approve","Reject"
"24XSVGULF395BPCNC66S9NYOELUAOO","2JJ45UUKQOYG6B21JXZOM01072OWES","Communication game (fun, 3 minutes, do once only!)","Answer a few quick questions about a group of bugs. PLEASE DO ONLY ONE ""COMMUNICATION GAME"" HIT!","psychology, language, game","$0.15","Mon Dec 03 17:39:14 GMT 2012","1","BatchId:980202;","600","604800","Thu Dec 13 17:39:14 GMT 2012","","","2DYXBAT2D5NQHGBFZVRJM5T1JEW268","A30IVF2ORFFU39","Submitted","Mon Dec 03 17:40:26 GMT 2012","Mon Dec 03 17:45:02 GMT 2012","Mon Dec 10 09:45:02 PST 2012","","","","276","100% (1/1)","0% (0/0)","0% (0/0)","1","001011110","E1S_dist-stims/S1-trial1.jpg","2","sundae","sundaes","3","2","1","chocolate","a cherry","1","whipped cream","2","chocolate sauce","2","010101011","E1S_dist-stims/S1-trial2.jpg","0","face","faces","3","2","1","mustache","a hat","2","glasses","2","a mustache","1","101110001","E1S_dist-stims/S1-trial3.jpg","1","snowman","snowmen","1","2","3","gloves","a beanie","2","a scarf","1","gloves","2","011001110","80","0","25","10","0","25","10","100","50","1","2","2","2","2","1","2","1","2","creative communicating? - being able to convey an idea in the negative, recognizing that, in some cases, mentioning something lacking indicates an item. However, something present would be more obvious if it isolates a single item."
"2W36VCPWZ9RNWPOOR6J7YN3EOQQAP5","2JJ45UUKQOYG6B21JXZOM01072OWES","Communication game (fun, 3 minutes, do once only!)","Answer a few quick questions about a group of bugs. PLEASE DO ONLY ONE ""COMMUNICATION GAME"" HIT!","psychology, language, game","$0.15","Mon Dec 03 17:39:14 GMT 2012","1","BatchId:980202;","600","604800","Thu Dec 13 17:39:14 GMT 2012","","","2CBE1M7PKK9LAPCOVF30ALZ0MC3SZ3","A36QT7P35MJUUO","Submitted","Mon Dec 03 19:13:29 GMT 2012","Mon Dec 03 19:14:12 GMT 2012","Mon Dec 10 11:14:12 PST 2012","","","","43","0% (0/0)","0% (0/0)","0% (0/0)","2","001011110","E1S_dist-stims/S2-trial1.jpg","2","sundae","sundaes","2","3","1","chocolate","a cherry","1","whipped cream","2","chocolate sauce","2","001110011","E1S_dist-stims/S2-trial2.jpg","0","snowman","snowmen","3","2","1","beanie","a beanie","1","a scarf","2","gloves","2","001110101","E1S_dist-stims/S2-trial3.jpg","1","face","faces","2","1","3","mustache","a hat","2","glasses","1","a mustache","2","101001110","0","","","10","","","90","","","1","","","2","","","2","","",""
"2K839Z0B6UTOPMAERXKVXKGQR2SYN7","2JJ45UUKQOYG6B21JXZOM01072OWES","Communication game (fun, 3 minutes, do once only!)","Answer a few quick questions about a group of bugs. PLEASE DO ONLY ONE ""COMMUNICATION GAME"" HIT!","psychology, language, game","$0.15","Mon Dec 03 17:39:14 GMT 2012","1","BatchId:980202;","600","604800","Thu Dec 13 17:39:14 GMT 2012","","","2ZO1INMHGYQ42WTA7B2FSFFRVP8K7H","A37ADCYLCSB5O2","Submitted","Mon Dec 03 18:23:37 GMT 2012","Mon Dec 03 18:24:31 GMT 2012","Mon Dec 10 10:24:31 PST 2012","","","","54","100% (2/2)","0% (0/0)","0% (0/0)","3","001011110","E1S_dist-stims/S3-trial1.jpg","0","sundae","sundaes","3","2","1","cherry","a cherry","1","whipped cream","2","chocolate sauce","2","001101110","E1S_dist-stims/S3-trial2.jpg","2","face","faces","3","2","1","hat","a hat","2","glasses","1","a mustache","2","011010101","E1S_dist-stims/S3-trial3.jpg","1","snowman","snowmen","3","2","1","beanie","a beanie","2","a scarf","1","gloves","2","011100110","0","0","0","0","50","50","100","50","50","1","2","2","2","1","1","2","2","2","Psycholinguistics"
"22H6R70G5R98W1P3RJYWYSTOTMCAQW","2JJ45UUKQOYG6B21JXZOM01072OWES","Communication game (fun, 3 minutes, do once only!)","Answer a few quick questions about a group of bugs. PLEASE DO ONLY ONE ""COMMUNICATION GAME"" HIT!","psychology, language, game","$0.15","Mon Dec 03 17:39:14 GMT 2012","1","BatchId:980202;","600","604800","Thu Dec 13 17:39:14 GMT 2012","","","2MTPC6SK9RJ8OH5IVJ8MGAPPLFGR3C","A2OUXD2XH9E1O7","Submitted","Mon Dec 03 18:17:36 GMT 2012","Mon Dec 03 18:19:29 GMT 2012","Mon Dec 10 10:19:29 PST 2012","","","","113","0% (0/0)","0% (0/0)","0% (0/0)","4","001011110","E1S_dist-stims/S4-trial1.jpg","2","sundae","sundaes","1","2","3","whipped cream","a cherry","2","whipped cream","2","chocolate sauce","1","101110010","E1S_dist-stims/S4-trial2.jpg","1","face","faces","2","3","1","glasses","a hat","2","glasses","2","a mustache","1","101011100","E1S_dist-stims/S4-trial3.jpg","0","snowman","snowmen","1","2","3","beanie","a beanie","1","a scarf","2","gloves","2","100101011","50","0","100","50","50","0","0","50","0","2","1","1","2","1","2","1","`","2","Seeing how color affects perceptions of importance"
"2P09NZW6HEZ677AQSCK8C9GVHCXYOM","2JJ45UUKQOYG6B21JXZOM01072OWES","Communication game (fun, 3 minutes, do once only!)","Answer a few quick questions about a group of bugs. PLEASE DO ONLY ONE ""COMMUNICATION GAME"" HIT!","psychology, language, game","$0.15","Mon Dec 03 17:39:14 GMT 2012","1","BatchId:980202;","600","604800","Thu Dec 13 17:39:14 GMT 2012","","","2RX7DZKPFE4EZ6NDI7WLEI9QWN05FP","A2KGHQH5RF0KDX","Submitted","Mon Dec 03 18:52:14 GMT 2012","Mon Dec 03 18:54:30 GMT 2012","Mon Dec 10 10:54:30 PST 2012","","","","136","0% (0/0)","0% (0/0)","0% (0/0)","5","001011110","E1S_dist-stims/S5-trial1.jpg","1","sundae","sundaes","3","2","1","chocolate","a cherry","2","whipped cream","1","chocolate sauce","2","110100011","E1S_dist-stims/S5-trial2.jpg","0","snowman","snowmen","2","1","3","gloves","a beanie","2","a scarf","2","gloves","1","101011010","E1S_dist-stims/S5-trial3.jpg","2","face","faces","2","1","3","hat","a hat","2","glasses","1","a mustache","2","110100011","0","0","0","50","100","100","50","0","0","2","2","2","1","2","1","2","1","2",""
"25KGMMEGOOGQB5S6EF12YEIVP4XBBH","2JJ45UUKQOYG6B21JXZOM01072OWES","Communication game (fun, 3 minutes, do once only!)","Answer a few quick questions about a group of bugs. PLEASE DO ONLY ONE ""COMMUNICATION GAME"" HIT!","psychology, language, game","$0.15","Mon Dec 03 17:39:15 GMT 2012","1","BatchId:980202;","600","604800","Thu Dec 13 17:39:15 GMT 2012","","","2ZV6XBAT2D5N9RT5B8H0PG5WVDI51P","A3GTB3TP1RCZR9","Submitted","Mon Dec 03 19:00:36 GMT 2012","Mon Dec 03 19:03:22 GMT 2012","Mon Dec 10 11:03:22 PST 2012","","","","166","0% (0/0)","0% (0/0)","0% (0/0)","6","001011110","E1S_dist-stims/S6-trial1.jpg","0","sundae","sundaes","1","3","2","chocolate","a cherry","2","whipped cream","2","chocolate sauce","1","110011100","E1S_dist-stims/S6-trial2.jpg","1","face","faces","1","3","2","mustache","a hat","2","glasses","1","a mustache","2","011010101","E1S_dist-stims/S6-trial3.jpg","2","snowman","snowmen","3","1","2","gloves","a beanie","1","a scarf","2","gloves","2","100011101","100","100","60","0","0","20","0","0","20","2","2","1","2","1","2","1","2","2","Descriptions from sight."
"23SZHHRRLFQ07GTVNMSKNO9FB17OFF","2JJ45UUKQOYG6B21JXZOM01072OWES","Communication game (fun, 3 minutes, do once only!)","Answer a few quick questions about a group of bugs. PLEASE DO ONLY ONE ""COMMUNICATION GAME"" HIT!","psychology, language, game","$0.15","Mon Dec 03 17:39:15 GMT 2012","1","BatchId:980202;","600","604800","Thu Dec 13 17:39:15 GMT 2012","","","2EYOQ1SNQQ7QP065XVBCTR15QH07RV","AJK3JUZMVQF47","Submitted","Mon Dec 03 18:01:54 GMT 2012","Mon Dec 03 18:05:10 GMT 2012","Mon Dec 10 10:05:10 PST 2012","","","","196","100% (2/2)","0% (0/0)","0% (0/0)","7","001011110","E1S_dist-stims/S7-trial1.jpg","0","snowman","snowmen","3","1","2","beanie","a beanie","1","a scarf","2","gloves","2","001011110","E1S_dist-stims/S7-trial2.jpg","2","sundae","sundaes","2","3","1","chocolate","a cherry","2","whipped cream","1","chocolate sauce","2","110001011","E1S_dist-stims/S7-trial3.jpg","1","face","faces","2","1","3","hat","a hat","2","glasses","1","a mustache","2","110001101","0","0","0","0","50","100","100","50","0","1","2","2","2","1","1","2","2","2","paying attention to detail"
"2UVP8PJWKUDDRQSBZVU950B7P3L8J0","2JJ45UUKQOYG6B21JXZOM01072OWES","Communication game (fun, 3 minutes, do once only!)","Answer a few quick questions about a group of bugs. PLEASE DO ONLY ONE ""COMMUNICATION GAME"" HIT!","psychology, language, game","$0.15","Mon Dec 03 17:39:15 GMT 2012","1","BatchId:980202;","600","604800","Thu Dec 13 17:39:15 GMT 2012","","","2D5HJHP4BDDKZX48NXO933G62YMY5B","AHPGCCMJGRG44","Submitted","Mon Dec 03 18:25:33 GMT 2012","Mon Dec 03 18:27:21 GMT 2012","Mon Dec 10 10:27:21 PST 2012","","","","108","0% (0/0)","0% (0/0)","0% (0/0)","8","001011110","E1S_dist-stims/S8-trial1.jpg","1","sundae","sundaes","1","2","3","chocolate","a cherry","1","whipped cream","2","chocolate sauce","2","001011110","E1S_dist-stims/S8-trial2.jpg","0","snowman","snowmen","2","1","3","gloves","a beanie","2","a scarf","2","gloves","1","101011010","E1S_dist-stims/S8-trial3.jpg","2","face","faces","2","1","3","hat","a hat","2","glasses","1","a mustache","2","110100011","55","0","40","45","100","60","0","0","0","1","2","2","2","2","1","2","1","2","Determining perception of communication based on various factors"
"2X7GSNTL0XULA9TT7OUMSDX6AZ40M9","2JJ45UUKQOYG6B21JXZOM01072OWES","Communication game (fun, 3 minutes, do once only!)","Answer a few quick questions about a group of bugs. PLEASE DO ONLY ONE ""COMMUNICATION GAME"" HIT!","psychology, language, game","$0.15","Mon Dec 03 17:39:15 GMT 2012","1","BatchId:980202;","600","604800","Thu Dec 13 17:39:15 GMT 2012","","","2OFLVWJ5OPB0HOMZ43DWH7ES6LZV3F","A2D8ZM1E0USP73","Submitted","Mon Dec 03 19:18:16 GMT 2012","Mon Dec 03 19:19:51 GMT 2012","Mon Dec 10 11:19:51 PST 2012","","","","95","0% (0/0)","0% (0/0)","0% (0/0)","9","001011110","E1S_dist-stims/S9-trial1.jpg","0","snowman","snowmen","3","1","2","scarf","a beanie","2","a scarf","1","gloves","2","110001011","E1S_dist-stims/S9-trial2.jpg","2","sundae","sundaes","2","1","3","whipped cream","a cherry","2","whipped cream","2","chocolate sauce","1","011110100","E1S_dist-stims/S9-trial3.jpg","1","face","faces","1","2","3","glasses","a hat","2","glasses","2","a mustache","1","011110001","0","50","50","0","50","50","100","0","0","2","2","2","1","2","2","2","1","1","Matching things to a simple description."
"2T1011K274J7SDWW26ZNA6UYAM9CEO","2JJ45UUKQOYG6B21JXZOM01072OWES","Communication game (fun, 3 minutes, do once only!)","Answer a few quick questions about a group of bugs. PLEASE DO ONLY ONE ""COMMUNICATION GAME"" HIT!","psychology, language, game","$0.15","Mon Dec 03 17:39:15 GMT 2012","1","BatchId:980202;","600","604800","Thu Dec 13 17:39:15 GMT 2012","","","2S9PCGJ2D21OMPBXD5APVSI5HPAB5F","A2IABMFE5FYDFD","Submitted","Mon Dec 03 19:09:32 GMT 2012","Mon Dec 03 19:12:46 GMT 2012","Mon Dec 10 11:12:46 PST 2012","","","","194","0% (0/0)","0% (0/0)","0% (0/0)","10","001011110","E1S_dist-stims/S10-trial1.jpg","1","sundae","sundaes","3","2","1","chocolate","a cherry","1","whipped cream","2","chocolate sauce","2","100110011","E1S_dist-stims/S10-trial2.jpg","2","face","faces","2","3","1","mustache","a hat","2","glasses","1","a mustache","2","110001011","E1S_dist-stims/S10-trial3.jpg","0","snowman","snowmen","1","2","3","gloves","a beanie","2","a scarf","2","gloves","1","101011100","0","0","100","20","50","0","80","50","0","1","2","2","2","1","2","2","2","1","Confidence in one-word descriptions"
"2OZ57DZKPFE4X9JH9RT5R8IAI9TE4E","2JJ45UUKQOYG6B21JXZOM01072OWES","Communication game (fun, 3 minutes, do once only!)","Answer a few quick questions about a group of bugs. PLEASE DO ONLY ONE ""COMMUNICATION GAME"" HIT!","psychology, language, game","$0.15","Mon Dec 03 17:39:15 GMT 2012","1","BatchId:980202;","600","604800","Thu Dec 13 17:39:15 GMT 2012","","","2XLBJ3MMDX5F80T6YP8BFMD0L9QZDD","AB08R15AWTVDT","Submitted","Mon Dec 03 18:35:51 GMT 2012","Mon Dec 03 18:36:55 GMT 2012","Mon Dec 10 10:36:55 PST 2012","","","","64","0% (0/0)","0% (0/0)","0% (0/0)","11","001011110","E1S_dist-stims/S11-trial1.jpg","1","sundae","sundaes","1","3","2","cherry","a cherry","2","whipped cream","2","chocolate sauce","1","101011010","E1S_dist-stims/S11-trial2.jpg","0","face","faces","2","3","1","glasses","a hat","2","glasses","1","a mustache","2","101010110","E1S_dist-stims/S11-trial3.jpg","2","snowman","snowmen","3","2","1","scarf","a beanie","1","a scarf","2","gloves","2","010011101","50","0","0","0","100","50","50","0","50","2","2","1","1","1","2","1","2","2",""
"27C8Y1THV8ERSRETJP9M5SM6FPE0N9","2JJ45UUKQOYG6B21JXZOM01072OWES","Communication game (fun, 3 minutes, do once only!)","Answer a few quick questions about a group of bugs. PLEASE DO ONLY ONE ""COMMUNICATION GAME"" HIT!","psychology, language, game","$0.15","Mon Dec 03 17:39:15 GMT 2012","1","BatchId:980202;","600","604800","Thu Dec 13 17:39:15 GMT 2012","","","2432YU98JHST449LWK2JFIOEG5COC1","A2NLJN9CE8J5ND","Submitted","Mon Dec 03 18:46:59 GMT 2012","Mon Dec 03 18:50:26 GMT 2012","Mon Dec 10 10:50:26 PST 2012","","","","207","100% (1/1)","0% (0/0)","0% (0/0)","12","001011110","E1S_dist-stims/S12-trial1.jpg","0","face","faces","2","1","3","glasses","a hat","2","glasses","1","a mustache","2","101010011","E1S_dist-stims/S12-trial2.jpg","2","sundae","sundaes","2","3","1","cherry","a cherry","2","whipped cream","2","chocolate sauce","1","011110001","E1S_dist-stims/S12-trial3.jpg","1","snowman","snowmen","1","3","2","gloves","a beanie","1","a scarf","2","gloves","2","010011101","0","0","50","100","50","0","0","50","50","2","2","1","1","2","2","2","1","2","recognizing certain features in a picture and establishing how much they stand out."
"2IFERSQV66RL8AOTZMMWGVKJ1CK3BI","2JJ45UUKQOYG6B21JXZOM01072OWES","Communication game (fun, 3 minutes, do once only!)","Answer a few quick questions about a group of bugs. PLEASE DO ONLY ONE ""COMMUNICATION GAME"" HIT!","psychology, language, game","$0.15","Mon Dec 03 17:39:15 GMT 2012","1","BatchId:980202;","600","604800","Thu Dec 13 17:39:15 GMT 2012","","","20SONNVRH1KH72KGNGY6TV9OHN0OX3","A32QE4XNMREAN7","Submitted","Mon Dec 03 18:50:21 GMT 2012","Mon Dec 03 18:51:51 GMT 2012","Mon Dec 10 10:51:51 PST 2012","","","","90","0% (0/0)","0% (0/0)","0% (0/0)","13","001011110","E1S_dist-stims/S13-trial1.jpg","1","face","faces","1","2","3","mustache","a hat","1","glasses","2","a mustache","2","001011110","E1S_dist-stims/S13-trial2.jpg","0","sundae","sundaes","2","3","1","chocolate","a cherry","2","whipped cream","2","chocolate sauce","1","110101010","E1S_dist-stims/S13-trial3.jpg","2","snowman","snowmen","3","1","2","scarf","a beanie","2","a scarf","2","gloves","1","011101100","50","0","50","50","100","0","0","0","50","1","2","2","2","2","2","2","1","1",""
"2YYYQ4J3NAB6U8SFBTPYOT1UEP9QDE","2JJ45UUKQOYG6B21JXZOM01072OWES","Communication game (fun, 3 minutes, do once only!)","Answer a few quick questions about a group of bugs. PLEASE DO ONLY ONE ""COMMUNICATION GAME"" HIT!","psychology, language, game","$0.15","Mon Dec 03 17:39:15 GMT 2012","1","BatchId:980202;","600","604800","Thu Dec 13 17:39:15 GMT 2012","","","2IBVCNHMVHVKVC61XPT7AJ7CHHR31X","AKCPVJ2PBIDHN","Submitted","Mon Dec 03 18:59:46 GMT 2012","Mon Dec 03 19:04:12 GMT 2012","Mon Dec 10 11:04:12 PST 2012","","","","266","100% (1/1)","0% (0/0)","0% (0/0)","14","001011110","E1S_dist-stims/S14-trial1.jpg","1","snowman","snowmen","2","3","1","scarf","a beanie","2","a scarf","2","gloves","1","101011100","E1S_dist-stims/S14-trial2.jpg","2","face","faces","3","2","1","glasses","a hat","1","glasses","2","a mustache","2","010011101","E1S_dist-stims/S14-trial3.jpg","0","sundae","sundaes","2","1","3","cherry","a cherry","1","whipped cream","2","chocolate sauce","2","010011101","0","0","0","95","5","100","5","95","0","2","1","1","2","2","2","1","2","2","conveying concise meaning in short communication"
"2F6CCF0CP5KX8MONENOYM4PN2XUVWM","2JJ45UUKQOYG6B21JXZOM01072OWES","Communication game (fun, 3 minutes, do once only!)","Answer a few quick questions about a group of bugs. PLEASE DO ONLY ONE ""COMMUNICATION GAME"" HIT!","psychology, language, game","$0.15","Mon Dec 03 17:39:15 GMT 2012","1","BatchId:980202;","600","604800","Thu Dec 13 17:39:15 GMT 2012","","","23EOFXRDS4ICK74DJ2AFS11DZ9JXUK","A1QK99RLL2NJF9","Submitted","Mon Dec 03 18:08:56 GMT 2012","Mon Dec 03 18:09:41 GMT 2012","Mon Dec 10 10:09:41 PST 2012","","","","45","100% (2/2)","0% (0/0)","0% (0/0)","15","001011110","E1S_dist-stims/S15-trial1.jpg","1","snowman","snowmen","2","3","1","gloves","a beanie","2","a scarf","1","gloves","2","101100011","E1S_dist-stims/S15-trial2.jpg","0","sundae","sundaes","3","1","2","chocolate","a cherry","2","whipped cream","2","chocolate sauce","1","110011001","E1S_dist-stims/S15-trial3.jpg","2","face","faces","2","3","1","mustache","a hat","2","glasses","1","a mustache","2","110001011","100","","","","","100","","100","","2","2","2","1","2","1","2","1","1","process of elimination"
"2JGU98JHSTLBME6F7O0IUBJFE1AQE7","2JJ45UUKQOYG6B21JXZOM01072OWES","Communication game (fun, 3 minutes, do once only!)","Answer a few quick questions about a group of bugs. PLEASE DO ONLY ONE ""COMMUNICATION GAME"" HIT!","psychology, language, game","$0.15","Mon Dec 03 17:39:15 GMT 2012","1","BatchId:980202;","600","604800","Thu Dec 13 17:39:15 GMT 2012","","","21B85OZIZEHMT3VMKTH5KWP0IOEZB6","A1JZ25A2UG8D2Q","Submitted","Mon Dec 03 18:35:44 GMT 2012","Mon Dec 03 18:37:21 GMT 2012","Mon Dec 10 10:37:21 PST 2012","","","","97","0% (0/0)","0% (0/0)","0% (0/0)","16","001011110","E1S_dist-stims/S16-trial1.jpg","1","snowman","snowmen","3","2","1","gloves","a beanie","1","a scarf","2","gloves","2","100110011","E1S_dist-stims/S16-trial2.jpg","0","sundae","sundaes","2","1","3","cherry","a cherry","1","whipped cream","2","chocolate sauce","2","010011101","E1S_dist-stims/S16-trial3.jpg","2","face","faces","3","2","1","mustache","a hat","2","glasses","1","a mustache","2","101010011","0","","","25","100","50","75","","50","1","1","2","2","2","1","2","2","2","Perception of others' perceptions regarding identification"
"238U6L5OBVCIKK3X0F9JL7GVWK9ZGQ","2JJ45UUKQOYG6B21JXZOM01072OWES","Communication game (fun, 3 minutes, do once only!)","Answer a few quick questions about a group of bugs. PLEASE DO ONLY ONE ""COMMUNICATION GAME"" HIT!","psychology, language, game","$0.15","Mon Dec 03 17:39:15 GMT 2012","1","BatchId:980202;","600","604800","Thu Dec 13 17:39:15 GMT 2012","","","2IAUB2YU98JHBMRBZQRFHJ9LL27AM1","A2IYZYZXU3XM5","Submitted","Mon Dec 03 18:02:16 GMT 2012","Mon Dec 03 18:03:34 GMT 2012","Mon Dec 10 10:03:34 PST 2012","","","","78","0% (0/0)","0% (0/0)","0% (0/0)","17","001011110","E1S_dist-stims/S17-trial1.jpg","1","snowman","snowmen","3","1","2","beanie","a beanie","2","a scarf","2","gloves","1","101110010","E1S_dist-stims/S17-trial2.jpg","0","face","faces","1","2","3","glasses","a hat","2","glasses","1","a mustache","2","101100011","E1S_dist-stims/S17-trial3.jpg","2","sundae","sundaes","3","1","2","whipped cream","a cherry","1","whipped cream","2","chocolate sauce","2","100101011","50","100","50","0","0","0","50","0","50","2","2","1","2","1","2","1","2","2","Logic and chance"
"21CDD8XMB3Q3SS6B2ZKOCT4FQ2PQFP","2JJ45UUKQOYG6B21JXZOM01072OWES","Communication game (fun, 3 minutes, do once only!)","Answer a few quick questions about a group of bugs. PLEASE DO ONLY ONE ""COMMUNICATION GAME"" HIT!","psychology, language, game","$0.15","Mon Dec 03 17:39:15 GMT 2012","1","BatchId:980202;","600","604800","Thu Dec 13 17:39:15 GMT 2012","","","28I4J3NAB6BF58LOU39T7TJIA78FS1","A23KEZDSRJS1ES","Submitted","Mon Dec 03 18:51:47 GMT 2012","Mon Dec 03 18:55:03 GMT 2012","Mon Dec 10 10:55:03 PST 2012","","","","196","0% (0/0)","0% (0/0)","0% (0/0)","18","001011110","E1S_dist-stims/S18-trial1.jpg","2","sundae","sundaes","3","2","1","cherry","a cherry","2","whipped cream","2","chocolate sauce","1","011101010","E1S_dist-stims/S18-trial2.jpg","0","snowman","snowmen","2","3","1","scarf","a beanie","2","a scarf","1","gloves","2","110010101","E1S_dist-stims/S18-trial3.jpg","1","face","faces","3","1","2","glasses","a hat","1","glasses","2","a mustache","2","010101110","100","0","0","0","100","100","0","0","0","2","2","1","2","1","2","1","2","2","Decisions based on choices and the risk/reward ratio besd on that."
"2S9I8IUB2YU9RCNSPQ23R0FCEJE7JB","2JJ45UUKQOYG6B21JXZOM01072OWES","Communication game (fun, 3 minutes, do once only!)","Answer a few quick questions about a group of bugs. PLEASE DO ONLY ONE ""COMMUNICATION GAME"" HIT!","psychology, language, game","$0.15","Mon Dec 03 17:39:15 GMT 2012","1","BatchId:980202;","600","604800","Thu Dec 13 17:39:15 GMT 2012","","","2N6Y5COW0LGRIWECNKCCCVNXWN06XQ","A3JMW8FYE9LJIV","Submitted","Mon Dec 03 17:54:55 GMT 2012","Mon Dec 03 17:56:35 GMT 2012","Mon Dec 10 09:56:35 PST 2012","","","","100","100% (3/3)","0% (0/0)","0% (0/0)","19","001011110","E1S_dist-stims/S19-trial1.jpg","0","sundae","sundaes","2","3","1","chocolate","a cherry","2","whipped cream","2","chocolate sauce","1","101110010","E1S_dist-stims/S19-trial2.jpg","1","snowman","snowmen","1","2","3","gloves","a beanie","1","a scarf","2","gloves","2","001011110","E1S_dist-stims/S19-trial3.jpg","2","face","faces","3","2","1","hat","a hat","2","glasses","1","a mustache","2","011010101","0","50","0","100","50","50","0","0","50","2","1","2","3","2","1","1","2","2","Betting and risk"
"2XVHDM25L8I96S26DJQ6UE4RRHPQGO","2JJ45UUKQOYG6B21JXZOM01072OWES","Communication game (fun, 3 minutes, do once only!)","Answer a few quick questions about a group of bugs. PLEASE DO ONLY ONE ""COMMUNICATION GAME"" HIT!","psychology, language, game","$0.15","Mon Dec 03 17:39:15 GMT 2012","1","BatchId:980202;","600","604800","Thu Dec 13 17:39:15 GMT 2012","","","2WBUNU8LZ6R7J9BR5D48P3VH4NK4KJ","A1DTQSIIYIZL62","Submitted","Mon Dec 03 18:25:45 GMT 2012","Mon Dec 03 18:27:04 GMT 2012","Mon Dec 10 10:27:04 PST 2012","","","","79","100% (3/3)","0% (0/0)","0% (0/0)","20","001011110","E1S_dist-stims/S20-trial1.jpg","1","snowman","snowmen","1","3","2","gloves","a beanie","2","a scarf","1","gloves","2","011010101","E1S_dist-stims/S20-trial2.jpg","0","sundae","sundaes","3","2","1","chocolate","a cherry","2","whipped cream","2","chocolate sauce","1","101110001","E1S_dist-stims/S20-trial3.jpg","2","face","faces","1","2","3","glasses","a hat","1","glasses","2","a mustache","2","010110101","90","","50","","","50","10","100","","2","2","1","1","2","2","2","1","2","Numerous hypotheses could fit these questions, I shall refrain from baseless speculation."
"2GZHRRLFQ0ON6OXHXP8OFEGS6H2QHN","2JJ45UUKQOYG6B21JXZOM01072OWES","Communication game (fun, 3 minutes, do once only!)","Answer a few quick questions about a group of bugs. PLEASE DO ONLY ONE ""COMMUNICATION GAME"" HIT!","psychology, language, game","$0.15","Mon Dec 03 17:39:15 GMT 2012","1","BatchId:980202;","600","604800","Thu Dec 13 17:39:15 GMT 2012","","","2BI6SVQ8H88M9NCL1T2VII1UUOR6P2","A3H7Z5XUK3EE7F","Submitted","Mon Dec 03 17:54:39 GMT 2012","Mon Dec 03 17:57:52 GMT 2012","Mon Dec 10 09:57:52 PST 2012","","","","193","100% (2/2)","0% (0/0)","0% (0/0)","21","001011110","E1S_dist-stims/S21-trial1.jpg","1","sundae","sundaes","3","1","2","chocolate","a cherry","1","whipped cream","2","chocolate sauce","2","010110101","E1S_dist-stims/S21-trial2.jpg","0","snowman","snowmen","3","2","1","beanie","a beanie","1","a scarf","2","gloves","2","001110101","E1S_dist-stims/S21-trial3.jpg","2","face","faces","1","3","2","glasses","a hat","1","glasses","2","a mustache","2","001101110","50","0","50","0","0","0","50","100","50","1","1","1","2","2","1","2","2","2","not sure"
"2EXB0HFL42J14RB87CT7S0IHAUDL0R","2JJ45UUKQOYG6B21JXZOM01072OWES","Communication game (fun, 3 minutes, do once only!)","Answer a few quick questions about a group of bugs. PLEASE DO ONLY ONE ""COMMUNICATION GAME"" HIT!","psychology, language, game","$0.15","Mon Dec 03 17:39:16 GMT 2012","1","BatchId:980202;","600","604800","Thu Dec 13 17:39:16 GMT 2012","","","214JK63ZVE3HATQUEFH9PL5U06QAZJ","A1OQH5YO14TPFN","Submitted","Mon Dec 03 18:12:38 GMT 2012","Mon Dec 03 18:14:26 GMT 2012","Mon Dec 10 10:14:26 PST 2012","","","","108","0% (0/0)","0% (0/0)","0% (0/0)","22","001011110","E1S_dist-stims/S22-trial1.jpg","1","face","faces","1","3","2","mustache","a hat","2","glasses","1","a mustache","2","011010101","E1S_dist-stims/S22-trial2.jpg","0","sundae","sundaes","1","2","3","whipped cream","a cherry","2","whipped cream","1","chocolate sauce","2","101100011","E1S_dist-stims/S22-trial3.jpg","2","snowman","snowmen","1","3","2","beanie","a beanie","2","a scarf","1","gloves","2","101001110","50","100","50","","0","0","50","0","50","2","2","2","1","1","1","2","2","2",""
"2DJVP9746OQ1BGWQ3VX7651RFMJL1U","2JJ45UUKQOYG6B21JXZOM01072OWES","Communication game (fun, 3 minutes, do once only!)","Answer a few quick questions about a group of bugs. PLEASE DO ONLY ONE ""COMMUNICATION GAME"" HIT!","psychology, language, game","$0.15","Mon Dec 03 17:39:16 GMT 2012","1","BatchId:980202;","600","604800","Thu Dec 13 17:39:16 GMT 2012","","","2YC5UFJ51Y7QXH5FUVJ1ISTPL6TC9E","A9CNS04IP177P","Submitted","Mon Dec 03 19:13:37 GMT 2012","Mon Dec 03 19:15:00 GMT 2012","Mon Dec 10 11:15:00 PST 2012","","","","83","0% (0/0)","0% (0/0)","0% (0/0)","23","001011110","E1S_dist-stims/S23-trial1.jpg","1","face","faces","3","1","2","glasses","a hat","1","glasses","2","a mustache","2","010101110","E1S_dist-stims/S23-trial2.jpg","0","snowman","snowmen","1","3","2","beanie","a beanie","1","a scarf","2","gloves","2","100011110","E1S_dist-stims/S23-trial3.jpg","2","sundae","sundaes","1","2","3","chocolate","a cherry","1","whipped cream","2","chocolate sauce","2","010101110","50","100","25","","","75","50","","","1","1","1","2","2","2","2","2","2","Certainty when using money."
"2L0XKO2L92HEVPG6T8POICF17Z1FE2","2JJ45UUKQOYG6B21JXZOM01072OWES","Communication game (fun, 3 minutes, do once only!)","Answer a few quick questions about a group of bugs. PLEASE DO ONLY ONE ""COMMUNICATION GAME"" HIT!","psychology, language, game","$0.15","Mon Dec 03 17:39:16 GMT 2012","1","BatchId:980202;","600","604800","Thu Dec 13 17:39:16 GMT 2012","","","2BC274J79KQWPUEN0BLXLCD72O4GI7","A2WVR88QBVWSHY","Submitted","Mon Dec 03 18:32:21 GMT 2012","Mon Dec 03 18:33:59 GMT 2012","Mon Dec 10 10:33:59 PST 2012","","","","98","0% (0/0)","0% (0/0)","0% (0/0)","24","001011110","E1S_dist-stims/S24-trial1.jpg","1","face","faces","1","3","2","mustache","a hat","2","glasses","1","a mustache","2","011010101","E1S_dist-stims/S24-trial2.jpg","2","sundae","sundaes","2","1","3","chocolate","a cherry","1","whipped cream","2","chocolate sauce","2","100011110","E1S_dist-stims/S24-trial3.jpg","0","snowman","snowmen","2","3","1","scarf","a beanie","2","a scarf","1","gloves","2","101010110","50","","","","","","50","","","2","","","1","","","2","","","How to verbally describe and distinguish between 3 very similar items"
"23WGOOGQSCM613G2OJ9U0U01J0GFFK","2JJ45UUKQOYG6B21JXZOM01072OWES","Communication game (fun, 3 minutes, do once only!)","Answer a few quick questions about a group of bugs. PLEASE DO ONLY ONE ""COMMUNICATION GAME"" HIT!","psychology, language, game","$0.15","Mon Dec 03 17:39:16 GMT 2012","1","BatchId:980202;","600","604800","Thu Dec 13 17:39:16 GMT 2012","","","2YP7H57DZKPFXXKG9M4M85LBF0H2CA","A3RILJPBGAOWN4","Submitted","Mon Dec 03 18:48:47 GMT 2012","Mon Dec 03 18:51:01 GMT 2012","Mon Dec 10 10:51:01 PST 2012","","","","134","100% (12/12)","0% (0/0)","0% (0/0)","25","001011110","E1S_dist-stims/S25-trial1.jpg","0","sundae","sundaes","3","1","2","chocolate","a cherry","2","whipped cream","2","chocolate sauce","1","011110001","E1S_dist-stims/S25-trial2.jpg","2","face","faces","1","3","2","mustache","a hat","2","glasses","1","a mustache","2","110001101","E1S_dist-stims/S25-trial3.jpg","1","snowman","snowmen","1","3","2","scarf","a beanie","1","a scarf","2","gloves","2","010101011","","50","70","","","","100","50","30","2","2","1","2","1","2","1","2","2",""
"2808IUB2YU982AYTHGUL6FBK4SL8KZ","2JJ45UUKQOYG6B21JXZOM01072OWES","Communication game (fun, 3 minutes, do once only!)","Answer a few quick questions about a group of bugs. PLEASE DO ONLY ONE ""COMMUNICATION GAME"" HIT!","psychology, language, game","$0.15","Mon Dec 03 17:39:16 GMT 2012","1","BatchId:980202;","600","604800","Thu Dec 13 17:39:16 GMT 2012","","","25B8EBDPGFL6E5VWVEINJWIRSSJH2V","A3I4C77A3TIT1P","Submitted","Mon Dec 03 18:31:41 GMT 2012","Mon Dec 03 18:33:57 GMT 2012","Mon Dec 10 10:33:57 PST 2012","","","","136","0% (0/0)","0% (0/0)","0% (0/0)","26","001011110","E1S_dist-stims/S26-trial1.jpg","0","sundae","sundaes","3","1","2","chocolate","a cherry","2","whipped cream","2","chocolate sauce","1","011110001","E1S_dist-stims/S26-trial2.jpg","2","face","faces","1","2","3","glasses","a hat","1","glasses","2","a mustache","2","010110101","E1S_dist-stims/S26-trial3.jpg","1","snowman","snowmen","2","3","1","gloves","a beanie","1","a scarf","2","gloves","2","100101011","15","15","15","15","70","70","70","15","15","2","1","1","2","2","2","1","2","2","Probabilities and behaviors"
"2ZIOUQIHPCGJL681K8N53H0KKZP605","2JJ45UUKQOYG6B21JXZOM01072OWES","Communication game (fun, 3 minutes, do once only!)","Answer a few quick questions about a group of bugs. PLEASE DO ONLY ONE ""COMMUNICATION GAME"" HIT!","psychology, language, game","$0.15","Mon Dec 03 17:39:16 GMT 2012","1","BatchId:980202;","600","604800","Thu Dec 13 17:39:16 GMT 2012","","","2QY7D1X3V0FKJ5UKYO51S7PNH09KD8","A38WUWONC7EXTO","Submitted","Mon Dec 03 18:01:14 GMT 2012","Mon Dec 03 18:02:24 GMT 2012","Mon Dec 10 10:02:24 PST 2012","","","","70","100% (1/1)","0% (0/0)","0% (0/0)","27","001011110","E1S_dist-stims/S27-trial1.jpg","0","face","faces","1","3","2","glasses","a hat","2","glasses","1","a mustache","2","110100011","E1S_dist-stims/S27-trial2.jpg","1","snowman","snowmen","3","2","1","gloves","a beanie","2","a scarf","1","gloves","2","110100011","E1S_dist-stims/S27-trial3.jpg","2","sundae","sundaes","1","3","2","cherry","a cherry","2","whipped cream","2","chocolate sauce","1","101110001","100","0","50","0","50","0","0","50","50","2","2","1","1","1","2","2","2","1","analyze people's perceptions of word usage"
"2J11LY58B7275TOGBP8D76YGN5BT8P","2JJ45UUKQOYG6B21JXZOM01072OWES","Communication game (fun, 3 minutes, do once only!)","Answer a few quick questions about a group of bugs. PLEASE DO ONLY ONE ""COMMUNICATION GAME"" HIT!","psychology, language, game","$0.15","Mon Dec 03 17:39:16 GMT 2012","1","BatchId:980202;","600","604800","Thu Dec 13 17:39:16 GMT 2012","","","2EB79KQW618NNZ0XBH44BXCHQE0MKR","ANP4MWET4I1GC","Submitted","Mon Dec 03 18:01:34 GMT 2012","Mon Dec 03 18:03:05 GMT 2012","Mon Dec 10 10:03:05 PST 2012","","","","91","100% (1/1)","100% (1/1)","100% (1/1)","28","001011110","E1S_dist-stims/S28-trial1.jpg","1","snowman","snowmen","2","1","3","scarf","a beanie","2","a scarf","2","gloves","1","101110001","E1S_dist-stims/S28-trial2.jpg","2","face","faces","3","2","1","hat","a hat","2","glasses","2","a mustache","1","011101010","E1S_dist-stims/S28-trial3.jpg","0","sundae","sundaes","2","3","1","chocolate","a cherry","2","whipped cream","2","chocolate sauce","1","101110010","20","0","0","80","67","100","0","33","0","2","2","2","2","2","2","1","1","1","how we interpret information."
"2581SNQQ7Q67JY7QGHER72TR7BTT9E","2JJ45UUKQOYG6B21JXZOM01072OWES","Communication game (fun, 3 minutes, do once only!)","Answer a few quick questions about a group of bugs. PLEASE DO ONLY ONE ""COMMUNICATION GAME"" HIT!","psychology, language, game","$0.15","Mon Dec 03 17:39:16 GMT 2012","1","BatchId:980202;","600","604800","Thu Dec 13 17:39:16 GMT 2012","","","2RAT3HVWAVKIPVTJM7S78Z9CN8WFNL","AZSCEJ7T8UOWT","Submitted","Mon Dec 03 18:12:29 GMT 2012","Mon Dec 03 18:16:17 GMT 2012","Mon Dec 10 10:16:17 PST 2012","","","","228","0% (0/0)","0% (0/0)","0% (0/0)","29","001011110","E1S_dist-stims/S29-trial1.jpg","2","face","faces","1","3","2","glasses","a hat","1","glasses","2","a mustache","2","001101110","E1S_dist-stims/S29-trial2.jpg","1","sundae","sundaes","3","2","1","whipped cream","a cherry","1","whipped cream","2","chocolate sauce","2","100011110","E1S_dist-stims/S29-trial3.jpg","0","snowman","snowmen","2","1","3","gloves","a beanie","2","a scarf","2","gloves","1","101011010","50","10","0","10","60","100","40","30","0","1","1","2","2","2","2","2","2","1","Identifying people/thing"
"2GH2MIKMN9U882434YNW3I3TP8EARX","2JJ45UUKQOYG6B21JXZOM01072OWES","Communication game (fun, 3 minutes, do once only!)","Answer a few quick questions about a group of bugs. PLEASE DO ONLY ONE ""COMMUNICATION GAME"" HIT!","psychology, language, game","$0.15","Mon Dec 03 17:39:16 GMT 2012","1","BatchId:980202;","600","604800","Thu Dec 13 17:39:16 GMT 2012","","","2QXTYMNCWYB4S8FSOX8X71JRKJMLPV","A3JNK6RVUT68EZ","Submitted","Mon Dec 03 18:44:44 GMT 2012","Mon Dec 03 18:46:44 GMT 2012","Mon Dec 10 10:46:44 PST 2012","","","","120","0% (0/0)","0% (0/0)","0% (0/0)","30","001011110","E1S_dist-stims/S30-trial1.jpg","1","face","faces","2","1","3","glasses","a hat","2","glasses","2","a mustache","1","101110001","E1S_dist-stims/S30-trial2.jpg","0","sundae","sundaes","3","2","1","chocolate","a cherry","2","whipped cream","2","chocolate sauce","1","110101001","E1S_dist-stims/S30-trial3.jpg","2","snowman","snowmen","1","2","3","gloves","a beanie","1","a scarf","2","gloves","2","010101110","100","","","0","","","0","","","2","","","2","","","1","","","No clue!"
"2Z3KH1Q6SVQ801EMMZXLBOBW7SXL2B","2JJ45UUKQOYG6B21JXZOM01072OWES","Communication game (fun, 3 minutes, do once only!)","Answer a few quick questions about a group of bugs. PLEASE DO ONLY ONE ""COMMUNICATION GAME"" HIT!","psychology, language, game","$0.15","Mon Dec 03 17:39:16 GMT 2012","1","BatchId:980202;","600","604800","Thu Dec 13 17:39:16 GMT 2012","","","2UXUFJ51Y7QE7SLYMXSCYTMRCOIADM","A2ROEDPG6K3NR3","Submitted","Mon Dec 03 18:24:59 GMT 2012","Mon Dec 03 18:26:16 GMT 2012","Mon Dec 10 10:26:16 PST 2012","","","","77","0% (0/0)","0% (0/0)","0% (0/0)","31","001011110","E1S_dist-stims/S31-trial1.jpg","1","sundae","sundaes","3","2","1","cherry","a cherry","2","whipped cream","2","chocolate sauce","1","011110100","E1S_dist-stims/S31-trial2.jpg","2","snowman","snowmen","2","3","1","gloves","a beanie","1","a scarf","2","gloves","2","001110011","E1S_dist-stims/S31-trial3.jpg","0","face","faces","1","3","2","glasses","a hat","2","glasses","1","a mustache","2","110100011","0","0","100","50","50","0","50","50","0","2","1","2","2","2","1","1","2","2",""
"2GOKW4ZMAZHHAKRFM5FNTVRIWUDI9M","2JJ45UUKQOYG6B21JXZOM01072OWES","Communication game (fun, 3 minutes, do once only!)","Answer a few quick questions about a group of bugs. PLEASE DO ONLY ONE ""COMMUNICATION GAME"" HIT!","psychology, language, game","$0.15","Mon Dec 03 17:39:16 GMT 2012","1","BatchId:980202;","600","604800","Thu Dec 13 17:39:16 GMT 2012","","","2LUYU98JHSTLUWR0BGA9OOBMBAKPDJ","AEANC3AWNEX1W","Submitted","Mon Dec 03 18:51:30 GMT 2012","Mon Dec 03 18:53:06 GMT 2012","Mon Dec 10 10:53:06 PST 2012","","","","96","0% (0/0)","0% (0/0)","0% (0/0)","32","001011110","E1S_dist-stims/S32-trial1.jpg","2","snowman","snowmen","3","2","1","gloves","a beanie","2","a scarf","1","gloves","2","101010011","E1S_dist-stims/S32-trial2.jpg","0","face","faces","2","3","1","glasses","a hat","2","glasses","1","a mustache","2","101010110","E1S_dist-stims/S32-trial3.jpg","1","sundae","sundaes","2","1","3","chocolate","a cherry","1","whipped cream","2","chocolate sauce","2","001101110","","","50","75","100","50","25","","","2","2","1","1","1","2","2","2","2","I am honestly not sure"
"2GRO9Z6KW4ZMTSNHNWCFW0OOI5OE5J","2JJ45UUKQOYG6B21JXZOM01072OWES","Communication game (fun, 3 minutes, do once only!)","Answer a few quick questions about a group of bugs. PLEASE DO ONLY ONE ""COMMUNICATION GAME"" HIT!","psychology, language, game","$0.15","Mon Dec 03 17:39:16 GMT 2012","1","BatchId:980202;","600","604800","Thu Dec 13 17:39:16 GMT 2012","","","26QB49F9SSSHGU7JKSJTBH5I5ASWSA","A3F0H1RF9LA3FR","Submitted","Mon Dec 03 18:04:51 GMT 2012","Mon Dec 03 18:06:26 GMT 2012","Mon Dec 10 10:06:26 PST 2012","","","","95","100% (1/1)","0% (0/0)","0% (0/0)","33","001011110","E1S_dist-stims/S33-trial1.jpg","2","snowman","snowmen","2","3","1","scarf","a beanie","2","a scarf","2","gloves","1","110011001","E1S_dist-stims/S33-trial2.jpg","0","face","faces","3","1","2","mustache","a hat","2","glasses","2","a mustache","1","011110001","E1S_dist-stims/S33-trial3.jpg","1","sundae","sundaes","1","3","2","whipped cream","a cherry","1","whipped cream","2","chocolate sauce","2","010101011","","","50","50","","","50","100","50","2","2","1","2","2","2","1","1","2",""
"2DJINMHGYQ4JMGGB2G6MLFOZTSQ8L2","2JJ45UUKQOYG6B21JXZOM01072OWES","Communication game (fun, 3 minutes, do once only!)","Answer a few quick questions about a group of bugs. PLEASE DO ONLY ONE ""COMMUNICATION GAME"" HIT!","psychology, language, game","$0.15","Mon Dec 03 17:39:16 GMT 2012","1","BatchId:980202;","600","604800","Thu Dec 13 17:39:16 GMT 2012","","","27VV0FK0COK2277M3UBKFLRZ3FRPIK","A1DQ6BA4442W09","Submitted","Mon Dec 03 18:44:57 GMT 2012","Mon Dec 03 18:47:56 GMT 2012","Mon Dec 10 10:47:56 PST 2012","","","","179","100% (1/1)","0% (0/0)","0% (0/0)","34","001011110","E1S_dist-stims/S34-trial1.jpg","2","sundae","sundaes","1","2","3","cherry","a cherry","2","whipped cream","2","chocolate sauce","1","110101010","E1S_dist-stims/S34-trial2.jpg","1","snowman","snowmen","1","2","3","scarf","a beanie","1","a scarf","2","gloves","2","001110011","E1S_dist-stims/S34-trial3.jpg","0","face","faces","2","1","3","mustache","a hat","2","glasses","2","a mustache","1","101011010","50","50","0","50","50","100","0","0","0","2","1","2","2","2","2","1","2","1","Unsure"
"2GDXX2Q45UUK9H4GJNN1TS8PBAXASL","2JJ45UUKQOYG6B21JXZOM01072OWES","Communication game (fun, 3 minutes, do once only!)","Answer a few quick questions about a group of bugs. PLEASE DO ONLY ONE ""COMMUNICATION GAME"" HIT!","psychology, language, game","$0.15","Mon Dec 03 17:39:16 GMT 2012","1","BatchId:980202;","600","604800","Thu Dec 13 17:39:16 GMT 2012","","","2DPUYT3DHJHPN4JDGLVYERS06OZT02","A359MM93XKV7XA","Submitted","Mon Dec 03 19:21:37 GMT 2012","Mon Dec 03 19:23:20 GMT 2012","Mon Dec 10 11:23:20 PST 2012","","","","103","0% (0/0)","0% (0/0)","0% (0/0)","35","001011110","E1S_dist-stims/S35-trial1.jpg","0","snowman","snowmen","2","3","1","beanie","a beanie","1","a scarf","2","gloves","2","010101110","E1S_dist-stims/S35-trial2.jpg","1","face","faces","2","3","1","mustache","a hat","1","glasses","2","a mustache","2","100101011","E1S_dist-stims/S35-trial3.jpg","2","sundae","sundaes","2","3","1","whipped cream","a cherry","1","whipped cream","2","chocolate sauce","2","001011110","0","0","0","100","50","50","0","50","50","1","1","1","2","2","2","2","2","2","I'm honestly not sure."
"2P4Z9O9Z6KW4IFGZDMIRRFQ1JXK3CP","2JJ45UUKQOYG6B21JXZOM01072OWES","Communication game (fun, 3 minutes, do once only!)","Answer a few quick questions about a group of bugs. PLEASE DO ONLY ONE ""COMMUNICATION GAME"" HIT!","psychology, language, game","$0.15","Mon Dec 03 17:39:16 GMT 2012","1","BatchId:980202;","600","604800","Thu Dec 13 17:39:16 GMT 2012","","","2FKW6NG1FS3NHGPBUKSF5SZOZONKYO","A2441IVKFBIU7J","Submitted","Mon Dec 03 19:17:37 GMT 2012","Mon Dec 03 19:24:03 GMT 2012","Mon Dec 10 11:24:03 PST 2012","","","","386","0% (0/0)","0% (0/0)","0% (0/0)","36","001011110","E1S_dist-stims/S36-trial1.jpg","0","face","faces","1","2","3","glasses","a hat","2","glasses","1","a mustache","2","101100011","E1S_dist-stims/S36-trial2.jpg","1","sundae","sundaes","1","2","3","cherry","a cherry","2","whipped cream","2","chocolate sauce","1","110011001","E1S_dist-stims/S36-trial3.jpg","2","snowman","snowmen","1","3","2","scarf","a beanie","1","a scarf","2","gloves","2","001101110","100","50","50","0","50","0","0","0","50","2","2","1","1","2","2","2","1","2",""
"21Z1Q6SVQ8H8RFWU2QWOHVCJW1T4NS","2JJ45UUKQOYG6B21JXZOM01072OWES","Communication game (fun, 3 minutes, do once only!)","Answer a few quick questions about a group of bugs. PLEASE DO ONLY ONE ""COMMUNICATION GAME"" HIT!","psychology, language, game","$0.15","Mon Dec 03 17:39:16 GMT 2012","1","BatchId:980202;","600","604800","Thu Dec 13 17:39:16 GMT 2012","","","22CMT6YTWX4HMA8P7949FGI9FAGW1R","AZS99YREH126Y","Submitted","Mon Dec 03 18:08:34 GMT 2012","Mon Dec 03 18:10:25 GMT 2012","Mon Dec 10 10:10:25 PST 2012","","","","111","0% (0/0)","0% (0/0)","0% (0/0)","37","001011110","E1S_dist-stims/S37-trial1.jpg","1","snowman","snowmen","3","2","1","beanie","a beanie","2","a scarf","1","gloves","2","011100110","E1S_dist-stims/S37-trial2.jpg","2","face","faces","3","1","2","mustache","a hat","2","glasses","1","a mustache","2","011100101","E1S_dist-stims/S37-trial3.jpg","0","sundae","sundaes","3","1","2","cherry","a cherry","1","whipped cream","2","chocolate sauce","2","001110011","100","0","0","0","100","0","0","0","100","2","2","1","1","1","2","2","2","2","Perception"
"2LOUXFCD45XCXMTDOSKKON3UBZ0VXF","2JJ45UUKQOYG6B21JXZOM01072OWES","Communication game (fun, 3 minutes, do once only!)","Answer a few quick questions about a group of bugs. PLEASE DO ONLY ONE ""COMMUNICATION GAME"" HIT!","psychology, language, game","$0.15","Mon Dec 03 17:39:16 GMT 2012","1","BatchId:980202;","600","604800","Thu Dec 13 17:39:16 GMT 2012","","","22NGULF395SWPGM1BXUN4NJEV6QQC7","A2GKBI9SEU8YHH","Submitted","Mon Dec 03 18:07:27 GMT 2012","Mon Dec 03 18:08:42 GMT 2012","Mon Dec 10 10:08:42 PST 2012","","","","75","100% (4/4)","0% (0/0)","0% (0/0)","38","001011110","E1S_dist-stims/S38-trial1.jpg","0","snowman","snowmen","1","3","2","beanie","a beanie","1","a scarf","2","gloves","2","100110011","E1S_dist-stims/S38-trial2.jpg","1","sundae","sundaes","1","3","2","cherry","a cherry","2","whipped cream","2","chocolate sauce","1","101011010","E1S_dist-stims/S38-trial3.jpg","2","face","faces","2","1","3","glasses","a hat","2","glasses","2","a mustache","1","011110100","100","100","50","","","50","","","","1","2","2","2","2","2","0","1","1","no idea"
"2C4EC1PC6SK9ACE5K49ZKHMB5ZJ0OO","2JJ45UUKQOYG6B21JXZOM01072OWES","Communication game (fun, 3 minutes, do once only!)","Answer a few quick questions about a group of bugs. PLEASE DO ONLY ONE ""COMMUNICATION GAME"" HIT!","psychology, language, game","$0.15","Mon Dec 03 17:39:17 GMT 2012","1","BatchId:980202;","600","604800","Thu Dec 13 17:39:17 GMT 2012","","","2WEEGOOGQSCMPBGAYX5I0UU3XFJEEG","A31IBZQW0NHT7D","Submitted","Mon Dec 03 18:47:41 GMT 2012","Mon Dec 03 18:48:53 GMT 2012","Mon Dec 10 10:48:53 PST 2012","","","","72","0% (0/0)","0% (0/0)","0% (0/0)","39","001011110","E1S_dist-stims/S39-trial1.jpg","2","face","faces","2","3","1","hat","a hat","2","glasses","2","a mustache","1","011110001","E1S_dist-stims/S39-trial2.jpg","0","snowman","snowmen","3","1","2","scarf","a beanie","2","a scarf","1","gloves","2","011001110","E1S_dist-stims/S39-trial3.jpg","1","sundae","sundaes","1","3","2","chocolate","a cherry","2","whipped cream","1","chocolate sauce","2","011010101","0","0","90","80","0","0","20","100","10","2","2","2","2","1","1","1","2","2","Which factor makes an item stand out more than another when guessing."
"2ZB3HVWAVKI6LGPQY6Y2599RCG7OGE","2JJ45UUKQOYG6B21JXZOM01072OWES","Communication game (fun, 3 minutes, do once only!)","Answer a few quick questions about a group of bugs. PLEASE DO ONLY ONE ""COMMUNICATION GAME"" HIT!","psychology, language, game","$0.15","Mon Dec 03 17:39:17 GMT 2012","1","BatchId:980202;","600","604800","Thu Dec 13 17:39:17 GMT 2012","","","2CFJQ2172Z999ACBGQ3VKBU40AGRZA","A3KSMQLH3E0Z3S","Submitted","Mon Dec 03 18:31:34 GMT 2012","Mon Dec 03 18:36:58 GMT 2012","Mon Dec 10 10:36:58 PST 2012","","","","324","0% (0/0)","0% (0/0)","0% (0/0)","40","001011110","E1S_dist-stims/S40-trial1.jpg","0","sundae","sundaes","3","1","2","cherry","a cherry","1","whipped cream","2","chocolate sauce","2","001011110","E1S_dist-stims/S40-trial2.jpg","1","snowman","snowmen","3","2","1","gloves","a beanie","2","a scarf","1","gloves","2","110100011","E1S_dist-stims/S40-trial3.jpg","2","face","faces","3","1","2","hat","a hat","2","glasses","2","a mustache","1","101011100","","70","20","","15","60","100","15","20","1","2","2","2","1","2","2","2","1","To see if by using one word a person would be able to correctly identify wether or not the person talking about something that needed the one word or already had the one word present?"
"26E1INMHGYQ42WTA7B2FSFFPT8E7KA","2JJ45UUKQOYG6B21JXZOM01072OWES","Communication game (fun, 3 minutes, do once only!)","Answer a few quick questions about a group of bugs. PLEASE DO ONLY ONE ""COMMUNICATION GAME"" HIT!","psychology, language, game","$0.15","Mon Dec 03 17:39:17 GMT 2012","1","BatchId:980202;","600","604800","Thu Dec 13 17:39:17 GMT 2012","","","2UWF0OHOVR141QQOYQ02NECZ7XK54U","A2G8UI423QZYJJ","Submitted","Mon Dec 03 17:56:48 GMT 2012","Mon Dec 03 18:00:11 GMT 2012","Mon Dec 10 10:00:11 PST 2012","","","","203","100% (1/1)","0% (0/0)","0% (0/0)","41","001011110","E1S_dist-stims/S41-trial1.jpg","1","face","faces","3","2","1","mustache","a hat","1","glasses","2","a mustache","2","100110011","E1S_dist-stims/S41-trial2.jpg","0","snowman","snowmen","2","1","3","scarf","a beanie","2","a scarf","1","gloves","2","101010011","E1S_dist-stims/S41-trial3.jpg","2","sundae","sundaes","3","1","2","cherry","a cherry","2","whipped cream","2","chocolate sauce","1","101011100","0","0","0","0","100","0","100","0","100","1","2","2","2","1","2","2","2","1","logical deduction"
"2IF3V0FK0COKLCK1ICGKQ9LSRGKOHD","2JJ45UUKQOYG6B21JXZOM01072OWES","Communication game (fun, 3 minutes, do once only!)","Answer a few quick questions about a group of bugs. PLEASE DO ONLY ONE ""COMMUNICATION GAME"" HIT!","psychology, language, game","$0.15","Mon Dec 03 17:39:17 GMT 2012","1","BatchId:980202;","600","604800","Thu Dec 13 17:39:17 GMT 2012","","","2T85TYMNCWYBN2L9OXJH311MLEIKO7","A369DR0NM7S98F","Submitted","Mon Dec 03 18:12:09 GMT 2012","Mon Dec 03 18:13:39 GMT 2012","Mon Dec 10 10:13:39 PST 2012","","","","90","0% (0/0)","0% (0/0)","0% (0/0)","42","001011110","E1S_dist-stims/S42-trial1.jpg","2","face","faces","2","3","1","hat","a hat","2","glasses","2","a mustache","1","011110001","E1S_dist-stims/S42-trial2.jpg","0","sundae","sundaes","1","2","3","cherry","a cherry","1","whipped cream","2","chocolate sauce","2","100101011","E1S_dist-stims/S42-trial3.jpg","1","snowman","snowmen","1","3","2","gloves","a beanie","2","a scarf","1","gloves","2","011010101","0","100","50","50","0","0","50","0","50","2","1","2","2","2","1","1","2","2","do we know probability"
"2FNPQJQ9OPLLG5DUIWOGEKCPUVR1ZT","2JJ45UUKQOYG6B21JXZOM01072OWES","Communication game (fun, 3 minutes, do once only!)","Answer a few quick questions about a group of bugs. PLEASE DO ONLY ONE ""COMMUNICATION GAME"" HIT!","psychology, language, game","$0.15","Mon Dec 03 17:39:17 GMT 2012","1","BatchId:980202;","600","604800","Thu Dec 13 17:39:17 GMT 2012","","","2HOGKCCVLL3CTW9MDFGQAC9QNLVW6O","A1WJC9VETYJYHP","Submitted","Mon Dec 03 18:02:57 GMT 2012","Mon Dec 03 18:06:16 GMT 2012","Mon Dec 10 10:06:16 PST 2012","","","","199","0% (0/0)","0% (0/0)","0% (0/0)","43","001011110","E1S_dist-stims/S43-trial1.jpg","0","snowman","snowmen","2","1","3","scarf","a beanie","2","a scarf","1","gloves","2","101010011","E1S_dist-stims/S43-trial2.jpg","1","face","faces","3","1","2","mustache","a hat","2","glasses","1","a mustache","2","110010101","E1S_dist-stims/S43-trial3.jpg","2","sundae","sundaes","2","3","1","whipped cream","a cherry","1","whipped cream","2","chocolate sauce","2","001011110","0","50","0","100","0","50","0","50","50","2","2","1","1","1","2","2","2","2","communication game"
"2BXBNFSVGULFM2BSSBEG7FS4I8J7LD","2JJ45UUKQOYG6B21JXZOM01072OWES","Communication game (fun, 3 minutes, do once only!)","Answer a few quick questions about a group of bugs. PLEASE DO ONLY ONE ""COMMUNICATION GAME"" HIT!","psychology, language, game","$0.15","Mon Dec 03 17:39:17 GMT 2012","1","BatchId:980202;","600","604800","Thu Dec 13 17:39:17 GMT 2012","","","2GYRLPHIT3HVF31KEBTNPQ244TQIAW","A2BTJFHP7WQY23","Submitted","Mon Dec 03 18:21:14 GMT 2012","Mon Dec 03 18:22:53 GMT 2012","Mon Dec 10 10:22:53 PST 2012","","","","99","100% (1/1)","0% (0/0)","0% (0/0)","44","001011110","E1S_dist-stims/S44-trial1.jpg","0","sundae","sundaes","2","1","3","whipped cream","a cherry","2","whipped cream","1","chocolate sauce","2","011010101","E1S_dist-stims/S44-trial2.jpg","2","face","faces","3","1","2","glasses","a hat","1","glasses","2","a mustache","2","100101011","E1S_dist-stims/S44-trial3.jpg","1","snowman","snowmen","1","2","3","scarf","a beanie","1","a scarf","2","gloves","2","001110011","0","50","50","100","0","50","0","50","0","2","1","1","1","2","2","2","2","2",""
"2MCUKQOYGNIWKGY8KLR167SWBKMZHP","2JJ45UUKQOYG6B21JXZOM01072OWES","Communication game (fun, 3 minutes, do once only!)","Answer a few quick questions about a group of bugs. PLEASE DO ONLY ONE ""COMMUNICATION GAME"" HIT!","psychology, language, game","$0.15","Mon Dec 03 17:39:17 GMT 2012","1","BatchId:980202;","600","604800","Thu Dec 13 17:39:17 GMT 2012","","","2JQ8TNKIMZSMODLHO7FM6PGYCUDBYU","A3O2DNUTGTM86X","Submitted","Mon Dec 03 19:06:12 GMT 2012","Mon Dec 03 19:07:40 GMT 2012","Mon Dec 10 11:07:40 PST 2012","","","","88","0% (0/0)","0% (0/0)","0% (0/0)","45","001011110","E1S_dist-stims/S45-trial1.jpg","1","sundae","sundaes","3","2","1","cherry","a cherry","2","whipped cream","1","chocolate sauce","2","011100110","E1S_dist-stims/S45-trial2.jpg","0","snowman","snowmen","2","1","3","beanie","a beanie","1","a scarf","2","gloves","2","010101011","E1S_dist-stims/S45-trial3.jpg","2","face","faces","2","3","1","glasses","a hat","1","glasses","2","a mustache","2","001011110","","","","50","100","50","50","","50","2","1","1","1","2","1","2","2","2","Certainty in unclear situations"
"2Y48JIA0RYNJSVTJGRR5HMJUPRV618","2JJ45UUKQOYG6B21JXZOM01072OWES","Communication game (fun, 3 minutes, do once only!)","Answer a few quick questions about a group of bugs. PLEASE DO ONLY ONE ""COMMUNICATION GAME"" HIT!","psychology, language, game","$0.15","Mon Dec 03 17:39:17 GMT 2012","1","BatchId:980202;","600","604800","Thu Dec 13 17:39:17 GMT 2012","","","2QXR98D8J3VEQPYSPSPCM3MFHZ2WGU","A35QKJZPR6LC3H","Submitted","Mon Dec 03 18:38:10 GMT 2012","Mon Dec 03 18:40:53 GMT 2012","Mon Dec 10 10:40:53 PST 2012","","","","163","0% (0/0)","0% (0/0)","0% (0/0)","46","001011110","E1S_dist-stims/S46-trial1.jpg","2","sundae","sundaes","2","1","3","whipped cream","a cherry","2","whipped cream","2","chocolate sauce","1","011110100","E1S_dist-stims/S46-trial2.jpg","1","snowman","snowmen","1","3","2","gloves","a beanie","1","a scarf","2","gloves","2","010011101","E1S_dist-stims/S46-trial3.jpg","0","face","faces","2","3","1","mustache","a hat","2","glasses","2","a mustache","1","110101010","0","0","0","0","100","100","100","0","0","2","1","2","2","2","2","1","2","1","How people interpret communication."
"2KOXBAT2D5NQHGBFZVRJM5TZHX962P","2JJ45UUKQOYG6B21JXZOM01072OWES","Communication game (fun, 3 minutes, do once only!)","Answer a few quick questions about a group of bugs. PLEASE DO ONLY ONE ""COMMUNICATION GAME"" HIT!","psychology, language, game","$0.15","Mon Dec 03 17:39:17 GMT 2012","1","BatchId:980202;","600","604800","Thu Dec 13 17:39:17 GMT 2012","","","20NJ8EBDPGFLPOIPS40RTDWLLMR1GY","A3R0BDZO1UWMT6","Submitted","Mon Dec 03 18:08:18 GMT 2012","Mon Dec 03 18:11:24 GMT 2012","Mon Dec 10 10:11:24 PST 2012","","","","186","0% (0/0)","0% (0/0)","0% (0/0)","47","001011110","E1S_dist-stims/S47-trial1.jpg","1","snowman","snowmen","1","3","2","scarf","a beanie","2","a scarf","2","gloves","1","011101010","E1S_dist-stims/S47-trial2.jpg","0","sundae","sundaes","2","1","3","cherry","a cherry","1","whipped cream","2","chocolate sauce","2","010011101","E1S_dist-stims/S47-trial3.jpg","2","face","faces","2","1","3","glasses","a hat","1","glasses","2","a mustache","2","100110011","100","0","10","0","100","90","0","0","0","2","1","1","2","2","2","1","2","2","I have no idea."
"2H6NNVRH1KHOS7MR7CXN19LLRHTYP3","2JJ45UUKQOYG6B21JXZOM01072OWES","Communication game (fun, 3 minutes, do once only!)","Answer a few quick questions about a group of bugs. PLEASE DO ONLY ONE ""COMMUNICATION GAME"" HIT!","psychology, language, game","$0.15","Mon Dec 03 17:39:17 GMT 2012","1","BatchId:980202;","600","604800","Thu Dec 13 17:39:17 GMT 2012","","","25PX2Q45UUKQ7RMNE1SNY8OJXSQTBI","A1ASPIEIOZXL3U","Submitted","Mon Dec 03 18:15:38 GMT 2012","Mon Dec 03 18:17:28 GMT 2012","Mon Dec 10 10:17:28 PST 2012","","","","110","100% (1/1)","0% (0/0)","0% (0/0)","48","001011110","E1S_dist-stims/S48-trial1.jpg","1","face","faces","3","2","1","hat","a hat","2","glasses","2","a mustache","1","011110100","E1S_dist-stims/S48-trial2.jpg","0","snowman","snowmen","3","1","2","gloves","a beanie","2","a scarf","2","gloves","1","011110001","E1S_dist-stims/S48-trial3.jpg","2","sundae","sundaes","3","1","2","whipped cream","a cherry","1","whipped cream","2","chocolate sauce","2","100101011","0","0","50","50","0","0","50","100","50","2","2","1","2","2","2","1","1","2","Odds/probability"
"24DP3TVOK5UF2Y7Y3V5O5FYRNB9630","2JJ45UUKQOYG6B21JXZOM01072OWES","Communication game (fun, 3 minutes, do once only!)","Answer a few quick questions about a group of bugs. PLEASE DO ONLY ONE ""COMMUNICATION GAME"" HIT!","psychology, language, game","$0.15","Mon Dec 03 17:39:17 GMT 2012","1","BatchId:980202;","600","604800","Thu Dec 13 17:39:17 GMT 2012","","","26NOX7H57DZK88K4AL4HJM28IZ8A0S","A118DWOXWSI8VC","Submitted","Mon Dec 03 18:13:00 GMT 2012","Mon Dec 03 18:14:27 GMT 2012","Mon Dec 10 10:14:27 PST 2012","","","","87","0% (0/0)","0% (0/0)","0% (0/0)","49","001011110","E1S_dist-stims/S49-trial1.jpg","0","sundae","sundaes","2","3","1","whipped cream","a cherry","2","whipped cream","1","chocolate sauce","2","110010101","E1S_dist-stims/S49-trial2.jpg","2","snowman","snowmen","2","1","3","gloves","a beanie","1","a scarf","2","gloves","2","100011110","E1S_dist-stims/S49-trial3.jpg","1","face","faces","2","3","1","mustache","a hat","1","glasses","2","a mustache","2","100101011","","50","","100","50","50","","","50","2","1","1","1","2","2","2","2","2","Placing odds when answers are obvious"
"2BXJ51Y7QEOZYRWSXHJTSOFYMNOCF6","2JJ45UUKQOYG6B21JXZOM01072OWES","Communication game (fun, 3 minutes, do once only!)","Answer a few quick questions about a group of bugs. PLEASE DO ONLY ONE ""COMMUNICATION GAME"" HIT!","psychology, language, game","$0.15","Mon Dec 03 17:39:17 GMT 2012","1","BatchId:980202;","600","604800","Thu Dec 13 17:39:17 GMT 2012","","","2O3DPGFL6VCPFSFRJINIUV1V4JA5KK","A2LJ3Z8LJESI7Z","Submitted","Mon Dec 03 17:57:51 GMT 2012","Mon Dec 03 17:59:56 GMT 2012","Mon Dec 10 09:59:56 PST 2012","","","","125","0% (0/0)","0% (0/0)","0% (0/0)","50","001011110","E1S_dist-stims/S50-trial1.jpg","0","snowman","snowmen","1","3","2","scarf","a beanie","2","a scarf","1","gloves","2","011100110","E1S_dist-stims/S50-trial2.jpg","2","face","faces","3","2","1","hat","a hat","2","glasses","2","a mustache","1","011101010","E1S_dist-stims/S50-trial3.jpg","1","sundae","sundaes","1","2","3","whipped cream","a cherry","1","whipped cream","2","chocolate sauce","2","001110011","50","","","25","","","25","","","2","","","1","","","2","","","Communicating images"